product_title,product_url,slug,spider,image_download,image_upload,asset_download,asset_upload,normalize,validate,firestore,final_status,failure_stage,timestamp
,https://api.whatsapp.com/send?phone=+917227971274&text=https://kapdavilla.com/portfolio/aanaya-twisha-vol-16-exclusive-gown-collection-at-catalog-suppliers,aanaya-twisha-vol-16-exclusive-gown-collection-at-catalog-suppliers,failed,,,,,,,,failed,spider,2026-04-25T19:18:37.238150+00:00
,https://api.whatsapp.com/send?phone=+917227971274&text=https://kapdavilla.com/portfolio/aanaya-vaani-vol-30-designer-net-work-festive-wear-dress-exporters,aanaya-vaani-vol-30-designer-net-work-festive-wear-dress-exporters,failed,,,,,,,,failed,spider,2026-04-25T19:18:37.362584+00:00
,https://api.whatsapp.com/send?phone=+917227971274&text=https://kapdavilla.com/portfolio/aanaya-vaani-vol-8-partywear-salwar-suit-catalog-wholesaler-surat,aanaya-vaani-vol-8-partywear-salwar-suit-catalog-wholesaler-surat,failed,,,,,,,,failed,spider,2026-04-25T19:18:37.523465+00:00
,https://api.whatsapp.com/send?phone=+917227971274&text=https://kapdavilla.com/portfolio/aanaya-vol-121-designer-fancy-anarkali-dealer-rate,aanaya-vol-121-designer-fancy-anarkali-dealer-rate,failed,,,,,,,,failed,spider,2026-04-25T19:18:37.646788+00:00
,https://api.whatsapp.com/send?phone=+917227971274&text=https://kapdavilla.com/portfolio/aanaya-vol-147-designer-party-wear-net-anarkali-gown-catalog-wholesaler,aanaya-vol-147-designer-party-wear-net-anarkali-gown-catalog-wholesaler,failed,,,,,,,,failed,spider,2026-04-25T19:18:37.735681+00:00
,https://api.whatsapp.com/send?phone=+917227971274&text=https://kapdavilla.com/portfolio/aanaya-vol-156-stylish-front-cut-partywear-designer-dress-catalog-wholesaler,aanaya-vol-156-stylish-front-cut-partywear-designer-dress-catalog-wholesaler,failed,,,,,,,,failed,spider,2026-04-25T19:19:02.093388+00:00
,https://api.whatsapp.com/send?phone=+917227971274&text=https://kapdavilla.com/portfolio/aanaya-vol-210-heavy-designer-bridal-wear-dress-catalog-wholesale,aanaya-vol-210-heavy-designer-bridal-wear-dress-catalog-wholesale,failed,,,,,,,,failed,spider,2026-04-25T19:19:02.149508+00:00
,https://kapdavilla.com/portfolio/aanaya-vol-156-stylish-front-cut-partywear-designer-dress-catalog-wholesaler,aanaya-vol-156-stylish-front-cut-partywear-designer-dress-catalog-wholesaler,success,,,,,,,,,,2026-04-25T19:19:48.697861+00:00
Alizeh 5011 Exclusive Designer Partywear Sharara Dress Latest Collection,https://kapdavilla.com/portfolio/alizeh-5011-exclusive-designer-partywear-sharara-dress-latest-collection,alizeh-5011-exclusive-designer-partywear-sharara-dress-latest-collection,success,,,,,,,,,,2026-04-25T19:24:09.166603+00:00
Aanaya Vol 210 Heavy Designer Bridal Wear Dress Catalog Wholesale,https://kapdavilla.com/portfolio/aanaya-vol-210-heavy-designer-bridal-wear-dress-catalog-wholesale,aanaya-vol-210-heavy-designer-bridal-wear-dress-catalog-wholesale,success,,,,,success,pre-validation_failed,,failed,pre-validate,2026-04-25T19:24:57.387144+00:00
Aayaa Devi Vol 10 Georgette Printed Kurti With Inner Wholesaler,https://kapdavilla.com/portfolio/aayaa-devi-vol-10-georgette-printed-kurti-with-inner-wholesaler,aayaa-devi-vol-10-georgette-printed-kurti-with-inner-wholesaler,success,skipped (streamed),success,,success,success,failed,,validation_failed,post-validate,2026-04-25T19:33:51.062766+00:00
Alizeh 5012 Latest Designer Partywear Dress Collection,https://kapdavilla.com/portfolio/alizeh-5012-latest-designer-partywear-dress-collection,alizeh-5012-latest-designer-partywear-dress-collection,success,skipped (streamed),success,,success,success,success,uploaded,uploaded,,2026-04-25T19:35:23.947606+00:00
Aanaya Twisha Vol 16 Exclusive Gown Collection At Catalog Suppliers,https://kapdavilla.com/portfolio/aanaya-twisha-vol-16-exclusive-gown-collection-at-catalog-suppliers,aanaya-twisha-vol-16-exclusive-gown-collection-at-catalog-suppliers,success,,,,,success,pre-validation_failed,,failed,pre-validate,2026-04-25T19:43:26.856694+00:00
Aanaya Vaani Vol 30 Designer Net Work Festive Wear Dress Exporters,https://kapdavilla.com/portfolio/aanaya-vaani-vol-30-designer-net-work-festive-wear-dress-exporters,aanaya-vaani-vol-30-designer-net-work-festive-wear-dress-exporters,success,,,,,success,pre-validation_failed,,failed,pre-validate,2026-04-25T19:43:35.891034+00:00
Aanaya Vaani Vol 8 Partywear Salwar Suit Catalog Wholesaler Surat,https://kapdavilla.com/portfolio/aanaya-vaani-vol-8-partywear-salwar-suit-catalog-wholesaler-surat,aanaya-vaani-vol-8-partywear-salwar-suit-catalog-wholesaler-surat,success,,,,,success,pre-validation_failed,,failed,pre-validate,2026-04-25T19:43:45.357324+00:00
Aanaya Vol 121 Designer Fancy Anarkali Dealer Rate,https://kapdavilla.com/portfolio/aanaya-vol-121-designer-fancy-anarkali-dealer-rate,aanaya-vol-121-designer-fancy-anarkali-dealer-rate,success,,,,,success,pre-validation_failed,,failed,pre-validate,2026-04-25T19:43:55.028579+00:00
Aanaya Vol 147 Designer Party Wear Net Anarkali Gown Catalog Wholesaler,https://kapdavilla.com/portfolio/aanaya-vol-147-designer-party-wear-net-anarkali-gown-catalog-wholesaler,aanaya-vol-147-designer-party-wear-net-anarkali-gown-catalog-wholesaler,success,skipped (streamed),success,,success,success,success,uploaded,uploaded,,2026-04-25T19:44:04.138485+00:00
Aanaya Vol 152 Wedding Wear Anarkali Designs Dress Wholesaler,https://kapdavilla.com/portfolio/aanaya-vol-152-wedding-wear-anarkali-designs-dress-wholesaler,aanaya-vol-152-wedding-wear-anarkali-designs-dress-wholesaler,success,,,,,success,pre-validation_failed,,failed,pre-validate,2026-04-25T19:44:46.105121+00:00
Aanaya Vol 179 7905 To7908 New Colors Wedding Wear Designer Dress Catalog Exporter,https://kapdavilla.com/portfolio/aanaya-vol-179-7905-to7908-new-colors-wedding-wear-designer-dress-catalog-exporter,aanaya-vol-179-7905-to7908-new-colors-wedding-wear-designer-dress-catalog-exporter,success,,,,,success,pre-validation_failed,,failed,pre-validate,2026-04-25T19:44:53.830748+00:00
Aanaya Vol 181 8101 To 8104 Designer Anarkali Style Wedding Dress Suppliers,https://kapdavilla.com/portfolio/aanaya-vol-181-8101-to-8104-designer-anarkali-style-wedding-dress-suppliers,aanaya-vol-181-8101-to-8104-designer-anarkali-style-wedding-dress-suppliers,success,,,,,success,pre-validation_failed,,failed,pre-validate,2026-04-25T19:45:02.409900+00:00
Aanaya Vol 182 8201 To 8204 Festive Wear Ladies Dress Catalog Dealers,https://kapdavilla.com/portfolio/aanaya-vol-182-8201-to-8204-festive-wear-ladies-dress-catalog-dealers,aanaya-vol-182-8201-to-8204-festive-wear-ladies-dress-catalog-dealers,success,,,,,success,pre-validation_failed,,failed,pre-validate,2026-04-25T19:45:13.005628+00:00
Aanaya Vol 186 8601 To 8603 Designer Work Ladies Dress Festive Collection,https://kapdavilla.com/portfolio/aanaya-vol-186-8601-to-8603-designer-work-ladies-dress-festive-collection,aanaya-vol-186-8601-to-8603-designer-work-ladies-dress-festive-collection,success,,,,,success,pre-validation_failed,,failed,pre-validate,2026-04-25T19:45:21.575927+00:00
Chansi Trendz Ct 220 Partywear 3 Piece Pair Latest Collection,https://kapdavilla.com/portfolio/chansi-trendz-ct-220-partywear-3-piece-pair-latest-collection,chansi-trendz-ct-220-partywear-3-piece-pair-latest-collection,success,skipped (streamed),success,,success,success,success,uploaded,uploaded,,2026-04-26T05:28:21.872558+00:00
Chansi Trendz Ct 296 Black Fancy Georgette Palazzo Suit Collection,https://kapdavilla.com/portfolio/chansi-trendz-ct-296-black-fancy-georgette-palazzo-suit-collection,chansi-trendz-ct-296-black-fancy-georgette-palazzo-suit-collection,success,skipped (streamed),success,,success,success,success,uploaded,uploaded,,2026-04-26T05:29:07.551388+00:00
Chansi Trendz Ct 296 Nblue Fancy Georgette 3 Piece Palazzo Suit Collection,https://kapdavilla.com/portfolio/chansi-trendz-ct-296-nblue-fancy-georgette-3-piece-palazzo-suit-collection,chansi-trendz-ct-296-nblue-fancy-georgette-3-piece-palazzo-suit-collection,success,skipped (streamed),success,,success,success,success,uploaded,uploaded,,2026-04-26T05:29:48.315101+00:00
Chansi Trendz Ct 48 Yellow Partywear Readymade Lehenga Choli Collection,https://kapdavilla.com/portfolio/chansi-trendz-ct-48-yellow-partywear-readymade-lehenga-choli-collection,chansi-trendz-ct-48-yellow-partywear-readymade-lehenga-choli-collection,success,skipped (streamed),success,,success,success,success,uploaded,uploaded,,2026-04-26T05:30:28.573248+00:00
Ganga Fashion Ehanvi 4535 Printed Cotton Satin Dress Latest Collection,https://kapdavilla.com/portfolio/ganga-fashion-ehanvi-4535-printed-cotton-satin-dress-latest-collection,ganga-fashion-ehanvi-4535-printed-cotton-satin-dress-latest-collection,success,,,,,success,pre-validation_failed,,failed,pre-validate,2026-04-26T05:31:03.113902+00:00
Ganga Fashion Gleya 4623 Designer Chanderi Jacquard Suit Latest Collection,https://kapdavilla.com/portfolio/ganga-fashion-gleya-4623-designer-chanderi-jacquard-suit-latest-collection,ganga-fashion-gleya-4623-designer-chanderi-jacquard-suit-latest-collection,success,,,,,success,pre-validation_failed,,failed,pre-validate,2026-04-26T05:31:13.444949+00:00
Ganga Fashion Iriah 4655 Fancy Jacquard Style Designer Suit Collection,https://kapdavilla.com/portfolio/ganga-fashion-iriah-4655-fancy-jacquard-style-designer-suit-collection,ganga-fashion-iriah-4655-fancy-jacquard-style-designer-suit-collection,success,,,,,success,pre-validation_failed,,failed,pre-validate,2026-04-26T05:31:24.769147+00:00
Ganga Fashion Ishreen 4477 Premium Cotton Salwar Suit Summer Collection,https://kapdavilla.com/portfolio/ganga-fashion-ishreen-4477-premium-cotton-salwar-suit-summer-collection,ganga-fashion-ishreen-4477-premium-cotton-salwar-suit-summer-collection,success,,,,,success,pre-validation_failed,,failed,pre-validate,2026-04-26T05:31:35.135961+00:00
Ganga Fashion Lunel 4614 Exclusive Designs Ladies Dress Collection,https://kapdavilla.com/portfolio/ganga-fashion-lunel-4614-exclusive-designs-ladies-dress-collection,ganga-fashion-lunel-4614-exclusive-designs-ladies-dress-collection,success,,,,,success,pre-validation_failed,,failed,pre-validate,2026-04-26T05:31:46.352796+00:00
Gulkayra Royal 7490 And 7491 Latest Designer Partywear Gown Catalog Supplier,https://kapdavilla.com/portfolio/gulkayra-royal-7490-and-7491-latest-designer-partywear-gown-catalog-supplier,gulkayra-royal-7490-and-7491-latest-designer-partywear-gown-catalog-supplier,success,skipped (streamed),success,,success,success,success,uploaded,uploaded,,2026-04-26T05:31:58.122609+00:00
Aanaya Vol 188 8801 To 8804 Designer Organza Dress Catalog Exporters,https://kapdavilla.com/portfolio/aanaya-vol-188-8801-to-8804-designer-organza-dress-catalog-exporters,aanaya-vol-188-8801-to-8804-designer-organza-dress-catalog-exporters,success,,,,,success,pre-validation_failed,,failed,pre-validate,2026-04-26T05:47:55.719583+00:00
Aanaya Vol 211 Fancy Designer Suit Salwar Catalog Dealers,https://kapdavilla.com/portfolio/aanaya-vol-211-fancy-designer-suit-salwar-catalog-dealers,aanaya-vol-211-fancy-designer-suit-salwar-catalog-dealers,success,,,,,success,pre-validation_failed,,failed,pre-validate,2026-04-26T05:48:08.965788+00:00
Aanaya Vol 225 Patiyal Style Silk Suit Catalog Wholesaler Surat,https://kapdavilla.com/portfolio/aanaya-vol-225-patiyal-style-silk-suit-catalog-wholesaler-surat,aanaya-vol-225-patiyal-style-silk-suit-catalog-wholesaler-surat,success,,,,,success,pre-validation_failed,,failed,pre-validate,2026-04-26T05:48:20.230355+00:00
Aanaya Vol 226 Colors Lehenga Style Heavy Salwar Kameez Catalog Wholesaler,https://kapdavilla.com/portfolio/aanaya-vol-226-colors-lehenga-style-heavy-salwar-kameez-catalog-wholesaler,aanaya-vol-226-colors-lehenga-style-heavy-salwar-kameez-catalog-wholesaler,success,,,,,success,pre-validation_failed,,failed,pre-validate,2026-04-26T05:48:31.243345+00:00
Aanaya Vol 227 New Suit Salwar Catalog Wholesaler Surat,https://kapdavilla.com/portfolio/aanaya-vol-227-new-suit-salwar-catalog-wholesaler-surat,aanaya-vol-227-new-suit-salwar-catalog-wholesaler-surat,success,,,,,success,pre-validation_failed,,failed,pre-validate,2026-04-26T05:48:42.835841+00:00
Aaya Devi Vol 9 Cotton Readymade Gown Collection Dealers,https://kapdavilla.com/portfolio/aaya-devi-vol-9-cotton-readymade-gown-collection-dealers,aaya-devi-vol-9-cotton-readymade-gown-collection-dealers,success,skipped (streamed),success,,success,success,success,uploaded,uploaded,,2026-04-26T05:48:53.823847+00:00
Akshaya 110 Colors Fancy Saree Catalog Dealers Surat,https://kapdavilla.com/portfolio/akshaya-110-colors-fancy-saree-catalog-dealers-surat,akshaya-110-colors-fancy-saree-catalog-dealers-surat,success,,,,,success,pre-validation_failed,,failed,pre-validate,2026-04-26T05:49:35.486331+00:00
Akshaya 111 Colors Net Saree Collection At Wholesale Price Surat,https://kapdavilla.com/portfolio/akshaya-111-colors-net-saree-collection-at-wholesale-price-surat,akshaya-111-colors-net-saree-collection-at-wholesale-price-surat,success,,,,,success,pre-validation_failed,,failed,pre-validate,2026-04-26T05:49:45.355346+00:00
Al Khushu 6021 To 6023 Pakistani Georgette Embroidered Suit Salwar Catalog,https://kapdavilla.com/portfolio/al-khushu-6021-to-6023-pakistani-georgette-embroidered-suit-salwar-catalog,al-khushu-6021-to-6023-pakistani-georgette-embroidered-suit-salwar-catalog,success,,,,,success,pre-validation_failed,,failed,pre-validate,2026-04-26T05:49:57.949963+00:00
Alizeh 1075 Colors Designer Wedding Lehenga Catalog Suppliers,https://kapdavilla.com/portfolio/alizeh-1075-colors-designer-wedding-lehenga-catalog-suppliers,alizeh-1075-colors-designer-wedding-lehenga-catalog-suppliers,success,,,,,success,pre-validation_failed,,failed,pre-validate,2026-04-26T05:50:08.261383+00:00
Alizeh 1084 Colors Beautiful Wedding Lehenga Collection Catalog Dealers Surat,https://kapdavilla.com/portfolio/alizeh-1084-colors-beautiful-wedding-lehenga-collection-catalog-dealers-surat,alizeh-1084-colors-beautiful-wedding-lehenga-collection-catalog-dealers-surat,success,,,,,success,pre-validation_failed,,failed,pre-validate,2026-04-26T05:51:19.714358+00:00
Alizeh Almora Vol 6 Party Wear Gharara Sharara Suit Catalog Wholesaler,https://kapdavilla.com/portfolio/alizeh-almora-vol-6-party-wear-gharara-sharara-suit-catalog-wholesaler,alizeh-almora-vol-6-party-wear-gharara-sharara-suit-catalog-wholesaler,success,,,,,success,pre-validation_failed,,failed,pre-validate,2026-04-26T05:51:30.852709+00:00
Alizeh Florence Vol 2 Partywear Lehenga Choli Readymade Collection,https://kapdavilla.com/portfolio/alizeh-florence-vol-2-partywear-lehenga-choli-readymade-collection,alizeh-florence-vol-2-partywear-lehenga-choli-readymade-collection,success,skipped (streamed),success,,success,success,success,uploaded,uploaded,,2026-04-26T05:51:42.467703+00:00
Alizeh Gulaabo Vol 2 Pant Style Suit Salwar Catalog Dealer Surat,https://kapdavilla.com/portfolio/alizeh-gulaabo-vol-2-pant-style-suit-salwar-catalog-dealer-surat,alizeh-gulaabo-vol-2-pant-style-suit-salwar-catalog-dealer-surat,success,skipped (streamed),success,,success,success,success,uploaded,uploaded,,2026-04-26T05:52:33.177237+00:00
Alizeh Raag Vol 2 Readymade Kurti Bottom With Dupatta Collection At Wholesale Price Surat,https://kapdavilla.com/portfolio/alizeh-raag-vol-2-readymade-kurti-bottom-with-dupatta-collection-at-wholesale-price-surat,alizeh-raag-vol-2-readymade-kurti-bottom-with-dupatta-collection-at-wholesale-price-surat,success,skipped (streamed),success,,success,success,success,uploaded,uploaded,,2026-04-26T05:53:46.590356+00:00
Alizeh Rang Wedding Lehenga Collection At Wholesale Price Surat,https://kapdavilla.com/portfolio/alizeh-rang-wedding-lehenga-collection-at-wholesale-price-surat,alizeh-rang-wedding-lehenga-collection-at-wholesale-price-surat,success,skipped (streamed),success,,success,success,success,uploaded,uploaded,,2026-04-26T05:54:45.035678+00:00
Alizeh Readymade Vol 3 Indo Western New Collection Catalog Dealer Surat,https://kapdavilla.com/portfolio/alizeh-readymade-vol-3-indo-western-new-collection-catalog-dealer-surat,alizeh-readymade-vol-3-indo-western-new-collection-catalog-dealer-surat,success,skipped (streamed),success,,success,success,success,uploaded,uploaded,,2026-04-26T05:55:52.135685+00:00
Alizeh Saadgi Vol 2 Straight Style Designer Suit Latest New Collection,https://kapdavilla.com/portfolio/alizeh-saadgi-vol-2-straight-style-designer-suit-latest-new-collection,alizeh-saadgi-vol-2-straight-style-designer-suit-latest-new-collection,success,skipped (streamed),success,,success,success,success,uploaded,uploaded,,2026-04-26T05:56:51.853961+00:00
Alizeh Starlet 5016 to 5019 Series Designer Ethnic Wear Cord Set Collection,https://kapdavilla.com/portfolio/alizeh-starlet-5016-to-5019-series-designer-ethnic-wear-cord-set-collection,alizeh-starlet-5016-to-5019-series-designer-ethnic-wear-cord-set-collection,success,skipped (streamed),success,,success,success,success,uploaded,uploaded,,2026-04-26T05:57:51.315376+00:00
Alizeh The White Bride vol 2 1074 to 1084 DE Colors Bridal Lehenga Dealer Surat,https://kapdavilla.com/portfolio/alizeh-the-white-bride-vol-2-1074-to-1084-de-colors-bridal-lehenga-dealer-surat,alizeh-the-white-bride-vol-2-1074-to-1084-de-colors-bridal-lehenga-dealer-surat,success,,,,,success,pre-validation_failed,,failed,pre-validate,2026-04-26T05:58:52.530943+00:00
Alizeh Wedding Affair Vol 3 Heavy Designer Style Lehenga Choli Collection,https://kapdavilla.com/portfolio/alizeh-wedding-affair-vol-3-heavy-designer-style-lehenga-choli-collection,alizeh-wedding-affair-vol-3-heavy-designer-style-lehenga-choli-collection,success,,,,,success,pre-validation_failed,,failed,pre-validate,2026-04-26T06:00:02.262040+00:00
Alzohaib 1084 To 1085 Colors Pure Cotton Printed Suit Salwar Catalog Dealer,https://kapdavilla.com/portfolio/alzohaib-1084-to-1085-colors-pure-cotton-printed-suit-salwar-catalog-dealer,alzohaib-1084-to-1085-colors-pure-cotton-printed-suit-salwar-catalog-dealer,success,skipped (streamed),success,,success,success,success,uploaded,uploaded,,2026-04-26T06:00:13.400974+00:00
Alzohaib 1197 Colors Pakistani Suit Catalog Dealers Surat,https://kapdavilla.com/portfolio/alzohaib-1197-colors-pakistani-suit-catalog-dealers-surat,alzohaib-1197-colors-pakistani-suit-catalog-dealers-surat,success,,,,,success,pre-validation_failed,,failed,pre-validate,2026-04-26T06:01:03.064482+00:00
Alzohaib 1240 Colors Cotton Print Pakistani Suit Catalog Dealers Surat,https://kapdavilla.com/portfolio/alzohaib-1240-colors-cotton-print-pakistani-suit-catalog-dealers-surat,alzohaib-1240-colors-cotton-print-pakistani-suit-catalog-dealers-surat,success,skipped (streamed),success,,success,success,success,uploaded,uploaded,,2026-04-26T06:01:14.942429+00:00
Alzohaib 1257 Colors Cotton Pakistani Suit Catalog Trader Price Surat,https://kapdavilla.com/portfolio/alzohaib-1257-colors-cotton-pakistani-suit-catalog-trader-price-surat,alzohaib-1257-colors-cotton-pakistani-suit-catalog-trader-price-surat,success,,,,,success,pre-validation_failed,,failed,pre-validate,2026-04-26T06:01:58.737887+00:00
Alzohaib 1315 Colors Pakistani Suit Collection Catalog Trader Price Surat,https://kapdavilla.com/portfolio/alzohaib-1315-colors-pakistani-suit-collection-catalog-trader-price-surat,alzohaib-1315-colors-pakistani-suit-collection-catalog-trader-price-surat,success,skipped (streamed),success,,success,success,success,uploaded,uploaded,,2026-04-26T06:02:09.821399+00:00
Alzohaib Fatima Nx Vol 1 Cotton Printed Pakistani Suit Catalog Wholesaler,https://kapdavilla.com/portfolio/alzohaib-fatima-nx-vol-1-cotton-printed-pakistani-suit-catalog-wholesaler,alzohaib-fatima-nx-vol-1-cotton-printed-pakistani-suit-catalog-wholesaler,success,,,,,success,pre-validation_failed,,failed,pre-validate,2026-04-26T06:02:54.722236+00:00
Alzohaib Queen Court Vol 4 Cotton Printed Pakistani Suit Catalog Suppliers,https://kapdavilla.com/portfolio/alzohaib-queen-court-vol-4-cotton-printed-pakistani-suit-catalog-suppliers,alzohaib-queen-court-vol-4-cotton-printed-pakistani-suit-catalog-suppliers,success,,,,,success,pre-validation_failed,,failed,pre-validate,2026-04-26T06:03:04.683718+00:00
Amoha Trends 102093 Colors Ready To Wear Indian Saree Catalog Wholesales,https://kapdavilla.com/portfolio/amoha-trends-102093-colors-ready-to-wear-indian-saree-catalog-wholesales,amoha-trends-102093-colors-ready-to-wear-indian-saree-catalog-wholesales,success,skipped (streamed),success,,success,success,success,uploaded,uploaded,,2026-04-26T06:03:15.813988+00:00
Amoha Trends C 2068 A Designer Partywear Dress Latest Collection,https://kapdavilla.com/portfolio/amoha-trends-c-2068-a-designer-partywear-dress-latest-collection,amoha-trends-c-2068-a-designer-partywear-dress-latest-collection,success,skipped (streamed),success,,success,success,success,uploaded,uploaded,,2026-04-26T06:04:03.884715+00:00
Amoha Trends C 278 Colors Partywear Designer Dress Catalog Dealers,https://kapdavilla.com/portfolio/amoha-trends-c-278-colors-partywear-designer-dress-catalog-dealers,amoha-trends-c-278-colors-partywear-designer-dress-catalog-dealers,success,skipped (streamed),success,,success,success,success,uploaded,uploaded,,2026-04-26T06:05:52.697351+00:00
Amoha Trends C 4006 A Western Wear Palazzo Suit 3 Piece Collection,https://kapdavilla.com/portfolio/amoha-trends-c-4006-a-western-wear-palazzo-suit-3-piece-collection,amoha-trends-c-4006-a-western-wear-palazzo-suit-3-piece-collection,success,skipped (streamed),success,,success,success,success,uploaded,uploaded,,2026-04-26T06:06:40.898570+00:00
Amoha Trends C 4008 A Casual Wear Palazzo Dress 3 Piece Set Designs,https://kapdavilla.com/portfolio/amoha-trends-c-4008-a-casual-wear-palazzo-dress-3-piece-set-designs,amoha-trends-c-4008-a-casual-wear-palazzo-dress-3-piece-set-designs,success,skipped (streamed),success,,success,success,success,uploaded,uploaded,,2026-04-26T06:07:28.569129+00:00
Amoha Trends C 5007 Colors Partywear Indo Western Designer Dress Collection,https://kapdavilla.com/portfolio/amoha-trends-c-5007-colors-partywear-indo-western-designer-dress-collection,amoha-trends-c-5007-colors-partywear-indo-western-designer-dress-collection,success,skipped (streamed),success,,success,success,success,uploaded,uploaded,,2026-04-26T06:08:22.264113+00:00
Amoha Trends Sia10 Western Wear Designer Partywear Dress Latest Collection,https://kapdavilla.com/portfolio/amoha-trends-sia10-western-wear-designer-partywear-dress-latest-collection,amoha-trends-sia10-western-wear-designer-partywear-dress-latest-collection,success,skipped (streamed),success,,success,success,success,uploaded,uploaded,,2026-04-26T06:09:23.009582+00:00
Amoha Trends Sia17 Colors Partywear Style Crop Tops Wester Wear Catalogs,https://kapdavilla.com/portfolio/amoha-trends-sia17-colors-partywear-style-crop-tops-wester-wear-catalogs,amoha-trends-sia17-colors-partywear-style-crop-tops-wester-wear-catalogs,success,skipped (streamed),success,,success,success,success,uploaded,uploaded,,2026-04-26T06:10:15.211557+00:00
Anantesh Bridesmaid Vol 3 11014 To 11020 Latest Designer Lehenga Catalog Exporters,https://kapdavilla.com/portfolio/anantesh-bridesmaid-vol-3-11014-to-11020-latest-designer-lehenga-catalog-exporters,anantesh-bridesmaid-vol-3-11014-to-11020-latest-designer-lehenga-catalog-exporters,success,,,,,success,pre-validation_failed,,failed,pre-validate,2026-04-26T06:11:06.225541+00:00
Anantesh Festivals Vol 1 7001 T o 7004 Designer Crop Tops Style Lehenga Partywear Collection,https://kapdavilla.com/portfolio/anantesh-festivals-vol-1-7001-t-o-7004-designer-crop-tops-style-lehenga-partywear-collection,anantesh-festivals-vol-1-7001-t-o-7004-designer-crop-tops-style-lehenga-partywear-collection,success,skipped (streamed),success,,success,success,success,uploaded,uploaded,,2026-04-26T06:11:17.050715+00:00
Anantesh Occation Vol 13 5053 To 5056 Fancy Partywear Lehenga Collection At Wholesale Price Surat,https://kapdavilla.com/portfolio/anantesh-occation-vol-13-5053-to-5056-fancy-partywear-lehenga-collection-at-wholesale-price-surat,anantesh-occation-vol-13-5053-to-5056-fancy-partywear-lehenga-collection-at-wholesale-price-surat,success,,,,,success,pre-validation_failed,,failed,pre-validate,2026-04-26T06:12:14.205427+00:00
Anantesh Occations Vol 11 5041 To 5046 Series Viscose Silk Wedding Lehenga Collection At Wholesale Prices Surat,https://kapdavilla.com/portfolio/anantesh-occations-vol-11-5041-to-5046-series-viscose-silk-wedding-lehenga-collection-at-wholesale-prices-surat,anantesh-occations-vol-11-5041-to-5046-series-viscose-silk-wedding-lehenga-collection-at-wholesale-prices-surat,success,,,,,success,pre-validation_failed,,failed,pre-validate,2026-04-26T06:12:24.233654+00:00
Anjubaa Vol 18 Designer Partywear Anarkali Gown Catalog Exporter,https://kapdavilla.com/portfolio/anjubaa-vol-18-designer-partywear-anarkali-gown-catalog-exporter,anjubaa-vol-18-designer-partywear-anarkali-gown-catalog-exporter,success,,,,,success,pre-validation_failed,,failed,pre-validate,2026-04-26T06:13:34.790554+00:00
Anjubaa Vol 24 Wedding Collection Anarkali Designs Suits New Collection,https://kapdavilla.com/portfolio/anjubaa-vol-24-wedding-collection-anarkali-designs-suits-new-collection,anjubaa-vol-24-wedding-collection-anarkali-designs-suits-new-collection,success,,,,,success,pre-validation_failed,,failed,pre-validate,2026-04-26T06:13:45.111519+00:00
Anjubaa Vol 34 10341 To 10344 Series Suit Wholesale Dealer,https://kapdavilla.com/portfolio/anjubaa-vol-34-10341-to-10344-series-suit-wholesale-dealer,anjubaa-vol-34-10341-to-10344-series-suit-wholesale-dealer,success,,,,,success,pre-validation_failed,,failed,pre-validate,2026-04-26T06:13:57.557946+00:00
Anjubaa Vol 37 Designer WOrk Party Wear Gown at Wholesale price,https://kapdavilla.com/portfolio/anjubaa-vol-37-designer-work-party-wear-gown-at-wholesale-price,anjubaa-vol-37-designer-work-party-wear-gown-at-wholesale-price,success,,,,,success,pre-validation_failed,,failed,pre-validate,2026-04-26T06:14:08.069000+00:00
Anmol Creation Excotice Vol 6 9301 To 9316 Fancy Saree Catalog Wholesaler Surat,https://kapdavilla.com/portfolio/anmol-creation-excotice-vol-6-9301-to-9316-fancy-saree-catalog-wholesaler-surat,anmol-creation-excotice-vol-6-9301-to-9316-fancy-saree-catalog-wholesaler-surat,success,,,,,success,pre-validation_failed,,failed,pre-validate,2026-04-26T06:14:17.794918+00:00
Arya Drs156 Georgette Fancy Kurti Gown Dupatta Set Latest Collection,https://kapdavilla.com/portfolio/arya-drs156-georgette-fancy-kurti-gown-dupatta-set-latest-collection,arya-drs156-georgette-fancy-kurti-gown-dupatta-set-latest-collection,success,skipped (streamed),success,,success,success,success,uploaded,uploaded,,2026-04-26T06:14:28.651056+00:00
Astita Aura Silk Vol 3 Banarasi Silk Saree Catalog Suppliers,https://kapdavilla.com/portfolio/astita-aura-silk-vol-3-banarasi-silk-saree-catalog-suppliers,astita-aura-silk-vol-3-banarasi-silk-saree-catalog-suppliers,success,,,,,success,pre-validation_failed,,failed,pre-validate,2026-04-26T06:15:10.246487+00:00
Astita Aura Silks Saree Collection At Wholesale Price Surat,https://kapdavilla.com/portfolio/astita-aura-silks-saree-collection-at-wholesale-price-surat,astita-aura-silks-saree-collection-at-wholesale-price-surat,success,,,,,success,pre-validation_failed,,failed,pre-validate,2026-04-26T06:15:22.015194+00:00
Astita Ayurvastra Linen Cotton Saree Catalog Exporters Surat,https://kapdavilla.com/portfolio/astita-ayurvastra-linen-cotton-saree-catalog-exporters-surat,astita-ayurvastra-linen-cotton-saree-catalog-exporters-surat,success,,,,,success,pre-validation_failed,,failed,pre-validate,2026-04-26T06:15:32.133968+00:00
Astita Banarasi Silk Saree Catalog Dealer Price,https://kapdavilla.com/portfolio/astita-banarasi-silk-saree-catalog-dealer-price,astita-banarasi-silk-saree-catalog-dealer-price,success,,,,,success,pre-validation_failed,,failed,pre-validate,2026-04-26T06:15:42.653337+00:00
